<?xml version="1.0" encoding="UTF-8" standalone="no"?>
<project default="create_run_jar" name="Create Runnable Jar for Project stil">
    <!--this file was created by Eclipse Runnable JAR Export Wizard-->
    <!--ANT 1.7 is required                                        -->
    <target name="create_run_jar">
        <jar destfile="stil.jar" filesetmanifest="mergewithoutmain">
            <manifest>
                <attribute name="Main-Class" value="vb.stil.Stil"/>
                <attribute name="Class-Path" value="."/>
            </manifest>
            <fileset dir="bin"/>
            <fileset dir="gen"/>
            <zipfileset excludes="META-INF/*.SF" src="classpath/antlr.jar"/>
            <zipfileset excludes="META-INF/*.SF" src="classpath/jasmin.jar"/>
        </jar>
    </target>
</project>
